headline_id,group_id,part
003353ddcc2868d01e5f1c122512a959fc3b1a73,0,evaluation
00716dcc990f68723727c1224db8ac2634b14fe8,1,evaluation
01201104de0db7577138d489c699a5c2c5307f1a,2,calibration
016edab87c1e81d0a2fc762219059e41dc747ad9,3,evaluation
01ac2dafd3f60007527fd572d0eaed28a80a907d,4,evaluation
0200b10836734d23c87815a88ffdc5ae2521a84b,5,evaluation
02117f6d92ced8a8c4bb9ac8e88fd96b17b97d1c,6,calibration
0249f1e0699516de2e836b2f6293dcffff5d13b8,7,calibration
028b9d83a7dc034182e3891a18508c05e7ee315f,8,evaluation
02f105523df267de6ab62c652cb8a346de5d8f27,9,evaluation
0329feeafc05ec72a1cb24e5928fc47ed1d4a893,10,calibration
033662c442dccfe6d50946c33db66c2954039d98,11,calibration
0375714dabbc44453e7b5997e48a950241b6b54e,12,evaluation
037b97705467169a3ae9f2ae447e9649e75b311d,13,evaluation
03b00ad705718723afa154224b2bec80d0684997,14,evaluation
03cf35c74ca8fef4dd1da0f292965526a3993253,15,calibration
0428001e84113fb6eeb0c8c19a8871756d01d303,16,evaluation
043b67e9f9f0f162cb74bf18e97640bb96435eed,17,calibration
05a1a3492498cab20b53d4ee6de8841d3d76b8e8,18,evaluation
05e7ff5f6d7cb345300c21d4fc93201fb8fc70e9,19,evaluation
0651dc59d3ebf7ae1618d5cc0f57267e7bb9d5d2,20,evaluation
06798b4e01f99d288ee299ba91506a35657ffa70,21,calibration
06cb33f28d34931d08c015b9d6d6a5f2a0ab279b,22,calibration
072cc4333cc4a69243f6220e5bad5ef85ac74e2c,23,evaluation
086efc0ecab67e9d1d27867eac70b30a2d198189,24,evaluation
089f19fe5784ab7d7e5a4fbee2cc1621a62bbd20,25,evaluation
09041db693cc309b6efc1b0ac7fd756b7e7cc944,26,evaluation
0a85629f00940fdd202625297519947c30682fca,27,evaluation
0b20d58ae9f8da0d2b3bcb15de2ff8a557653f1b,28,evaluation
0be0865722c4a58ffb44912b3e9088c21fa3c6d6,29,calibration
0c4de535a2ea8ad8e1739431a0aa104a07252ceb,30,calibration
0c63f47981c68ed376575806ad64cf6ffff729ed,31,evaluation
0cf117c05e5a27907ea1fd8ce396b0ee38160007,32,evaluation
0db82746e0f6538935abe06228f03508fde9cfbc,33,calibration
0db903ffea63f12c19ebea23af44a822cbd55889,34,calibration
0dc7f92f8f03bf153db50f8cd66e379f3cfe74fd,35,calibration
0e25cbaaf734476e7165182190e350174b586d69,36,evaluation
0e45c1b1714c0be206113fe60c9556d9af1e1731,37,evaluation
0e5ec3042271a31cf09da23e5e1641e03e73d7fb,38,calibration
0f337ccd0959097177aa60c04ea29b02755935e7,39,evaluation
0f59af645e7a56c40fe7f8d0274ea2ba083e95e7,40,calibration
0fde12174a1359dd0c869d6f518a8eec46dbf786,41,calibration
0fea80f807b7c44e65b2d0311726b0460f9f79e7,42,evaluation
0febac740820ec62c88046acfc38687da378a20a,43,evaluation
0ff2a61256e55a24a2f746df18a6d503dc1ce65a,44,evaluation
107e0eb096301c203312f59e2125cba92a9ec770,45,calibration
10a283ae826472ecc6c975a24b5ff3148d86ed9b,46,calibration
11b2223f3366e414ce8f5fcb87e3e3cab9a3b4e6,47,evaluation
11be7f54cced6253a91849383d8311ee78d7e18e,48,evaluation
128c09b3ab54ee873f6b3899585ca58fd6664833,49,evaluation
12a02944e358bdac42b5a3b588d1b73f50a49fd8,50,evaluation
12ac434196c6e24a60573d9c31c674e02a525dd5,51,evaluation
1391a4277b7ba07bcdb729128f09422586bac1a3,52,evaluation
13c2797d2e28867b60f7a1521a99f6b9bd327f74,53,calibration
1432b074712cb85f0e8b89d950fb1617bdb04a5f,54,evaluation
14581b52bbc7f88e4a230b2308a17c838c12778a,55,calibration
146c0768ceffb62aaaf4382c6ec85b52aee38f94,56,evaluation
1555b6000c6ab885e7b87a16fa09a4fe230aebd7,57,evaluation
1623c32e52c9558034d84efb7b09c55b05498f99,58,evaluation
167b93a8b36b9f17c5a0f00b7801c13d7274929d,59,evaluation
16bb1eecc9b3e636e5deef422e28478aa4b2c463,60,calibration
16ccbaa0991292c332a3707865b626c9b82a1795,61,evaluation
17080db27027ebc3f6327802fd408eac84b0691a,62,evaluation
171ce493ded8c85f0f5f8a633a5945f38a235cc9,63,calibration
1740abe258b0cd4de63f5c7f7c52276af865ea51,64,evaluation
17ca926e33f13c9f744b5220e516a98faab41cf5,65,evaluation
17f28eca5cdce98114ab4c9d6439365a222c9d11,66,evaluation
17f8ae3124a26d8e47e57c6578c64e28f6feace9,67,evaluation
184e226ad7afd5f99a385efb7647ed9c68c4f09a,68,evaluation
1877cbd03b94d657edc077d1c423be5f4a16431c,69,calibration
187e28b514c5627631e4d66e0502081f87b9a1e3,70,calibration
18806fe6fc46f47c30458e791a42fa9ff5939d12,71,evaluation
1884caf4943aea17b65d43132a53e6ac656d494c,72,evaluation
189037611feb4b332cdee7e8a77def772a394b81,73,evaluation
1975dcf692323298704641378c7c5dba917c9bb9,74,calibration
199a422e82500fde413c5a5e95b704475095e53d,75,evaluation
1a19ef165be037bf5eeeb30b6db38d43dd813aa7,76,evaluation
1a4c597c3ca1361bd459e4178a7db1c49115ae5c,77,evaluation
1a4f065e59d96dc0f7eefaa080321e9fe9aee13e,78,evaluation
1ad0bceffd50281b8b8c24c5333ee2cd83cee4f8,79,calibration
1af2c850ba391c0dca7eb99405ee951dc1c5e34d,80,evaluation
1bad3b85bdb835038a6033dc557de6609bbebd54,81,evaluation
1c3660b39f0bd8ff7c33b58c4067127b914e96a6,82,evaluation
1d3ec7646eea4e06333fdd0dff9a9c24b3c8f87f,83,evaluation
1d4b32275d7d2f1533557d050ca31fbe0a42edd1,84,evaluation
1d5ccf1e52fd78e8c36b17761043d55eec3e2cc3,85,evaluation
1d61949d0c7944c1da03b55185a2a08a8ea5a7a7,86,evaluation
1d71520a677115e6b8bb7a7cc4299b8920c9a941,87,evaluation
1db8db47ed02f0ed59b42a6a0f274ef5285dcc08,88,evaluation
1dbe21f21fe5b831a725d62223772ffd67a9c6af,89,calibration
1de9f449cc6130804f434b873b12f85068b07755,90,evaluation
1df36673ac2fd9d77ca3bf62fd31fed67be35fe5,91,evaluation
1e36f43eead5f251177260addb5e80b17799b4b9,92,evaluation
1e50addcf915f5b42032b306e81ee85359f897ac,93,evaluation
1e8e0441001a5e7d4f998aead37f54b76e67c59e,94,evaluation
1eb2c427b7fc0bb699a51969f3b73c37276f18c0,95,calibration
1f09a9dcf1cc40c5ca0d986566b2e3e529164af0,96,calibration
1f0f1e4c25aff99e824725b0bdf751741b8bb276,97,evaluation
1f5fce7c560d8643d242633d7eb82232cf86880d,98,evaluation
1ffea1d5088aa75b40f0b059a8a6fd2e47055ee7,99,evaluation
20084da27489bca2be5f748f8271c3594a28769f,100,evaluation
200c89da043e185eabe853607730a107fa6f0ee2,101,evaluation
2072733cf71d9c66b388b66c2973d84d1f83384a,102,evaluation
20b56707adac8905bee6e2fb6d3ece5b2d299b6a,103,calibration
20d9efd7c675196e6edbf9d8e649bbc79cdfc609,104,evaluation
219f767c5fbe2dd7f54ccfd544d00386dce05173,105,evaluation
22835c305d7ce96d2fdb1ea123e24c2acd1f7ce4,106,evaluation
22d1a369f1b4f8ef54aae29aa06073ed2ed8a87a,107,evaluation
238f10ca160a39cc9bc775646459d78d59cfb2e5,108,evaluation
23dc09e0d499c99741aadf53b42c6e78527b79b1,109,calibration
2467b18aecd8773de0383e846a44bf500bf9ce64,110,evaluation
24a82eb4f99d142a409d53c6b0867230c8cee321,111,evaluation
24e5e51c6b18d9c31b5fae8fb514447581beaf2c,112,evaluation
2541ed378d864a8c4472466a36c45449e940e22b,113,evaluation
26248ca1348da2c814283884eb0664a2264600b3,114,evaluation
2690d261c5bb45e676bed9156e3bbde3de2d35c9,115,evaluation
26970b5ac7465602d66cfed3a217b3ccf6003e05,116,evaluation
26d3184ad782900e410511606ff6cdbb147f0aef,117,evaluation
2705b5f7bf95b134bb34130c4a9ebf3fc579fcee,118,evaluation
273b92c90675b744d562655dcc791911d1a800f4,119,evaluation
279c5c5b6a28a8fb59f7df320b7bccaf60a03003,120,calibration
28911d67eb01f83435a977e568e86b3eded90c0e,121,evaluation
289d6de3a781514ba6d830bb943be63e599c0037,122,evaluation
28ae4bdf96426efb150a4095bc22beb59d97faca,123,calibration
28e7affd16bc4d1a7aff69d6d540fbfff0e0c748,124,evaluation
2914b8dd68c2603add47578e5b59ad6c0fff28bd,125,evaluation
294636cc190ba60fbcaab52b4fc914f116c7b13b,126,calibration
29576d20c54bd5bacefb72442e7214879506a61d,127,evaluation
2973064eb4031c3382d791b5ef6999d15186a4ce,128,evaluation
29aeadb291a26dbb9344e3407c093fd28cd79c6e,129,evaluation
29c01730d5f7615638e48856e82034fd237e329f,130,calibration
29c1756d68406fd20f42683e1e5e7f2bd863d17c,131,calibration
2a2ffbd39173e3ecc1d16c0cf5cc3d091ac90a04,132,evaluation
2aa7dd2702891f218c000dda810e2ba68c3bbf52,133,evaluation
2b1e0679f3c9a95b264111056431385f3ddd059d,134,calibration
2b1fd5d1fb9cd6a6fd15ee66039e092c6e376897,135,calibration
2b61b201db140cdb2f7bbcc0b10e61b5f9ceb2b8,136,calibration
2b95d74600c756e9757017bc6cbc5881ee3c6fde,137,calibration
2b9b5c846784969631c0d0d2e2584dad0f629243,138,calibration
2cb617e6881db1c9efb4c59bd1cec79e3405733b,139,calibration
2cbf940f09ad83028bb1382e9af5f30897054bcf,140,evaluation
2ccd19705113fca3b9c443a88e9837147714335d,141,evaluation
2cd927b71961067d7a9be617837dd4f3b6b479ab,142,evaluation
2cecf3014da78bd626afb507302c326ab0e1015b,143,evaluation
2d020e404f6ecc34a24a4973c30fb3cf8a375868,144,evaluation
2dee5bbcf89bbe9132c1dd02b60b0f2b0fe92628,145,calibration
2e4fb13cb78c56b4be20f714902c2433c7df2bc0,146,evaluation
2e5482be3eb73925ba307d70517d6741198a8682,147,evaluation
2ee0876e6cf37e8c1f4ee4bccbd114fd47d99db1,148,evaluation
2f6ac1a676436f596c051fc2099be3b64449495c,149,calibration
2f925b91eaf4330cc21a766dc6be014334015c6c,150,evaluation
3089c741ca51888f8ee25651e21c9364135b7479,151,calibration
31065c5fbd3c26769a9deff6d8b08b7e7e896c79,152,calibration
315c4da69dbd0d2367863f37b88c532dccb149c9,153,evaluation
316f0f056a52c8d01ae3acbd38d94b88aba43f1d,154,evaluation
31f29a48ac441da38db03763a5f4befea4a8486d,155,evaluation
3203963f8921c291c8d103f464a63719b6b7fa5c,156,evaluation
324c4bb4ad351530e36c2916dfc9c3ccaad75907,157,evaluation
32bed34c2c7d234ff76038bba0621b9b47c5f8f4,158,evaluation
32c71925a3fcc7c5340e0a641c973329602164b4,159,evaluation
32db209a46c0fb0269d1e4eaf863997ebac114fe,160,evaluation
32ff1768e2619f50825937e216cf8e6a9363d189,161,evaluation
3300f4af226e8e9b97218729ab7c23ea9ba53c88,162,evaluation
3307486a1cb462f5c6a09e9d97a4bfef3b9fa062,163,calibration
346145ae4c2396a7e5ba8745817777dfcd185f55,164,calibration
3478e097ae6257ded524579f46dabefb34b36688,165,calibration
348f85581a578830fba39f92efe19c42ed8572e7,166,calibration
359a29866bb8a339f58dfdbc3b7287a44543f3b6,167,evaluation
369e0ca6e1c6e361aed89f21ffa24f1f75eb6c9e,168,calibration
36bdad07145144c786d6e9934221d94e6e8b551c,169,calibration
3739d97412e06b4a83c4bcdd4b486819b16566e3,170,evaluation
3793a493f36db394ab5fde5f2e8fbad546ca09b6,171,evaluation
37a169ad587bf1de408b2f6ae3c8855bbea30543,172,evaluation
38092a5f61778a07806d8787927d4acadfa95f77,173,evaluation
38918f2b8747a44420d2ab32a7b4ca980758522f,174,calibration
3980e5190f336ec68083b0382310e9f62ca4fb05,175,evaluation
39a10347dd9c03e507e46995178ded01baeb6e97,176,calibration
39c9d38302f7c019abd8075f4847156e5e188884,177,calibration
3a7d806b599e0e8c68f2b47545d1f90be707d56e,178,calibration
3ae4bd61222131dc7f516cd2b90b8706638c0a64,179,calibration
3b45089da4a0fcdf71e10bcd13033313bff8ffdd,180,calibration
3b55befbb3cbea31a0447b2da973eddfd45b0d9f,181,calibration
3b5f44fc0717049b12f1605b39fa18712acacb39,182,evaluation
3b5f78bd3183a3d56df6cd5858f3aa849a45d907,183,calibration
3c93f3b5af548d491df39eb92b048ce90b10e1de,184,evaluation
3cb7e7151db6f69f659f2ecc05dc6cef38ef593b,185,evaluation
3d691e51467c19f993f9331781d1e2f075329eb0,186,calibration
3e71b576c861f9ab8b719facb0a648205a0f6e1c,187,evaluation
3e8ee0d7d6c85c50e3df2b7c8358bdaa30771694,188,evaluation
3eb30c73f7aec8f7763037603f682e74bdfdd0b3,189,evaluation
3ec5bd63f7e516e0d481eeb199aae6ada85eb942,190,evaluation
3ed4da98863ecc41004aae36b412bafc8042e2ef,191,evaluation
3f0ead72ffa5883e4fcba090e843a62d8e90c2d8,192,calibration
3f80210f63b1185bd26f90e710a896480271cde2,193,calibration
3faa59df3729afe3704dbcb9da048a13b40c26ce,194,evaluation
3fb2782885367f10ec26d34a03077028aed713ce,195,evaluation
3fe74477dcf8abc829b105c5c6660ba9d779be40,196,evaluation
4085d451ff411d893a2eb1f31476f2aabb59f0dc,197,calibration
40a61d3bc9d6d019083d32d97d7d718a1f5cddb9,198,evaluation
40e81f3ebabb365347dd5dcba0e91bd64198ff2f,199,calibration
40e9527b6f492a527df1e01cc3a1267e03fde74f,200,evaluation
40fd8e932a8f23edae800f6feada60345a376879,201,evaluation
41643cf06004096c3ae5bc8b6b7cb2ec5a4075a3,202,evaluation
41e61cb155adbf87dd43b49dcffe17f895cda60a,203,evaluation
429b7eb53c8335717741f5eb28b4e2c69459cc77,204,calibration
437a78fbdc0d609d80923c197fac22682ca199aa,205,evaluation
43e56b61d13f7e25af9afc5b4c0987879b76a823,206,calibration
43eb5fe3dd350c2530693ed471a8525f1faaead8,207,evaluation
4405f54e184b1fa9744d45b7e63018e8e8d30683,208,evaluation
4432adeb574c013783d68f514664478f056e5b5b,209,evaluation
44f74d210e80913fb89d00a721839652af7dde17,210,evaluation
451be686a3d48be3a5e0f246e140850978a13d8b,211,evaluation
454b2e53feebc635466ba851db5a4bf89da4e46c,212,evaluation
46b91b282c1a42eaf93cc391b24b8f48a2cd604f,213,evaluation
46ddb82880cc9b280e14bc2e3dc28710b0c13962,214,evaluation
470006f5c372b5496df9ee350d0ffde6cc9edd64,215,evaluation
471917d2bc64a0a255fa223a8d2e1a19091d82a7,216,evaluation
471f9b8bd3158f4f391b49006a4b363a25f4b3d2,217,evaluation
473ccae12b47b8f005973f5b1f8f8d1e6cdee1fd,218,evaluation
47557a582bff669dac4660463603a06e627b181d,219,evaluation
477cd5ff74506499478d8e6c2b001f855f67043a,220,evaluation
47b3d12e110ff8968485720ebdfc791bd0fa0a58,221,calibration
4837821f7ffabe4b55a6515e99e4edb85349e848,222,evaluation
486641dca702048795ce85473a2c8ac25b75e1d6,223,evaluation
4871d37347564aebdb94eca16c516fbb15f88762,224,calibration
48765f234f31d7670270e66d2ffc205f5c346b2c,225,evaluation
48774351b23d88f0e1958ebe1fe25c6f1073117a,226,evaluation
488027f3d11cc5307e04b55db437793b24de2f88,227,evaluation
48ae742d49dd0c185bde7af6ca01d3a424447c6e,228,evaluation
48f3243a7a2cb9fab379770dfed3aaff13e07260,229,evaluation
496b25f1164926f8607fa0e24993ccf9819bf44f,230,evaluation
49f739eef8475b8222d9824cfdb402c0d0e6c61f,231,evaluation
4a05b4fe0dead04f3850e23366c096e276f01f62,232,evaluation
4a3048994e93f9f55c941808df33203bbc5b449e,233,evaluation
4a31c14db2d06e5d3cf3986f84e47d95c9c7174c,234,calibration
4a59743db66fa97e40fbda31ebce3ba9f3f3be1f,235,evaluation
4a849d5188c38f4cad7a5be3eb50d7cddf3434aa,236,evaluation
4ab30ac9c87150307a0c9a374cb664fcb15fb3c9,237,calibration
4b90b2af512d3a4aa3581b61287a76f7a661c4cb,238,evaluation
4bc1c19c00ff2958742d097177466f339f77b8d8,239,evaluation
4bdfa40e191ab48faab62d98fa3aaff7635f4130,240,evaluation
4c33f351f4ab31bfee38bdbf333cb62a8d8a5912,241,evaluation
4c3dc0b8161f3cacfc69428bfee90e0840962420,242,evaluation
4c815bad92c28aa3b3b361b8ff6ee1ab823d5f94,243,evaluation
4d27dd4af46e60e5310872cb5c9268c06eb45cea,244,calibration
4d9575672ee1f965bc05abeb7e0c6faf9a729ffc,245,evaluation
4e3717434d44f6fc38a5b91032ff78fad17b3abe,246,evaluation
4e3b6271e8563c929e1b23a9c024bc1a315de032,247,evaluation
4e5c6f4566a6a3ef167bf9c670c9137318a3d312,248,evaluation
4e6034f000db8d153fa8aeaf057c6f0fc2e0ecd0,249,evaluation
4eaf2ca2722526e05d8f0c3d6f096e7a50ec7eeb,250,evaluation
4ee0b2cc9794af4f3e41cf2ee998d01b2e0ad910,251,evaluation
4f0c5da0d3e25e44dd87ebc78aa3a2e8d1705cd7,252,calibration
4f5688fa2988dff90d1d5c1887b5e4d03603fc1f,253,evaluation
4fa588a3770873811d798fdc44883d6c87fbd01a,254,calibration
4fc11909db7e078d1f0153941ae1cb63296ecd81,255,calibration
4fe04cff20170bfd01e034be6a32b836bf0f56ef,256,evaluation
500f57a5ea6c19b0f5f5aeb726c0431eeeb9a8af,257,evaluation
5078e35987e9aa0564ca292a20ac542215b4af4e,258,evaluation
50b232ee6ce1e4032e41c0e5659b37ad4b12a829,259,calibration
50cd631a67d4f16eb405361c65ae87e005c9d706,260,evaluation
5110a0aae517a76cf2aa686b639fe1964a460206,261,evaluation
5155839f4ff35f86e42e0cae87e907a2f757c7a7,262,evaluation
51c84e737a7905e6cb32f9167161df163d3d667e,263,evaluation
52a496c61281966e1acde5686a6bebeada7b18f4,264,evaluation
52bdda23623447cf7e9d9896c3c98321346a85e9,265,calibration
52dcf19777e921ec9ce99843397662b7aaa80ec4,266,calibration
531a1d79c8c3ee68b71a5853b8141635c6b530a5,267,evaluation
531a4d65033920880841c550194893d48d6fbe53,268,calibration
53a3eaddc1fc139341efdbfa516560769a242940,269,evaluation
548cd1b1083ed67420d5ae9c90cacd888cac4f13,270,evaluation
549b05c0f1d4a9e95f4c66ea99142937199ac406,271,evaluation
54b3703a59611ddde6e338e34d847519f43260ea,272,evaluation
550208bd252a12c8667083c7b8cea007fe96a907,273,evaluation
55298b92dc34dd386c2f52292db9e7602175d063,274,calibration
552aacf4c195e2cee9ffdef74b2509a4c814f429,275,evaluation
55590bac13c972a556b0d9042afe8bcf11cf479f,276,calibration
5584566cd254e15c0ebe4d5b74e2cd2b2e8e8d30,277,evaluation
55e7bbb7126e371c038b9e8bfd2ff98cee39f931,278,evaluation
55f6a34d9dc963b4e8b71142da948da72279ac6c,279,evaluation
5631479cde044aa76ff59ecc1c68f75cb2bf4170,280,evaluation
56ab5e27589a47dfe807d53130c02b396f77a72d,281,calibration
56d43cd1f621b08fe4207b74f4ec4a1c013302f8,282,calibration
570ee85fed09afcb3caa9b06ca31ddaf5a0572ea,283,evaluation
574b3bf6612962533c428c7fbaed98a729d49ebb,284,calibration
575f8f7f7b1fe01957a98085369686d6be69d1f1,285,evaluation
57cd296acdd4be72ea70417e025485d32807052c,286,evaluation
58e30d398d2c74a933da08ff7ff4215ee80b36c6,287,evaluation
58e7375f3384576e97b170ce7155304da305eada,288,evaluation
58ec166fd0cad4af68ec5afa67a1dea1a849e07c,289,calibration
5900f7205f5229257d87ae764980bf5cb2595f6b,290,evaluation
5958d5297c1615e75fd703b5efa08819c64c5f21,291,evaluation
59592cc28fc53d91164b8d3b2562ea53582a7f94,292,calibration
599bffbb38d21546f871bc81d424d18cfe4f1e21,293,evaluation
59ef5c40024f30816209eccae940fbf70f7174e8,294,evaluation
59f95e70e2c2e6da7e68454ccce64e685d59d272,295,calibration
5a5dadf6e7ed7636f29c96dcd493eb34b0d91f6c,296,evaluation
5ac09006a14d04a1cbce1d55b918faca89db7186,297,evaluation
5aec32bbae4010067fd4ab709fbdf0380b386d07,298,calibration
5b0a035bd170cd2d39b8468180a8d2cf55138eb6,299,evaluation
5b1a3ba0871dbe1701afdf35be57c6e687159185,300,calibration
5b326ced8def4c14b2322f2fd148d60a84f9d0e3,301,evaluation
5b3f39f092e770a73cf07c965b48e9313f1be291,302,evaluation
5b4f0201f9bdaab0ff31dcfa2effab7bbde114c9,303,evaluation
5b537702585f06fa2fba0c6486cae21701e4c04e,304,evaluation
5c194aac653300df9ad513ec6e021180a9400237,305,evaluation
5c3040e059a3784be1f35e089a2c7d910043c7b9,306,evaluation
5ca2a168e358600659fd7386600e754e37c7fde4,307,evaluation
5d2cbd459df2474ec6b6a8417528a9eaabc9d7b7,308,evaluation
5d589c724715b8dc7513d79c462e9bebb1765961,309,evaluation
5e36308cb9a0ce3bd5400912456929c228627ade,310,calibration
5e6f7f6d3804f9da1431dd2f514d9e28a9570d1a,311,evaluation
5eaeaf00389e1e526bbc1427eddbeb5fae6a5f49,312,evaluation
5ebc2fd7c5782147c34351a3a04da27268b533ab,313,calibration
5ec88f16048cb899f27971c57744f610f0f712d4,314,evaluation
5f5f4bd9d88bfa149d223771ac50ef03bda00a24,315,calibration
6023d0be037f0b2c29aa3ae786511e814d360fb9,316,evaluation
60642c5099942e4a55b215ebed947a7cf9563336,317,evaluation
6107b4b4089c51baf605bf5ee1a4558175be0bf7,318,evaluation
625a49724294bb06de1b1ff78e8051e75043f939,319,evaluation
62acb67800d31f925784a3898eee85c7034d41f5,320,evaluation
62aeb1f97bf3beb83dd512cd2ca0257c1f32facc,321,evaluation
62e71a5a60008e0d1b06d0de51d9901231955750,322,evaluation
631a985ed2ff292f52be2fee7cb37642de8a2d65,323,evaluation
634640d182e8d68422eb6adb85c2158a90b1f2ab,324,calibration
634859abd7663c324073f081c88bad6e5605ace1,325,evaluation
63b70a4278d11ee60b3f7cecd1b6e9cc175d64e7,326,evaluation
63db571229ed2b41f090d797b0512ca99c2ea728,327,evaluation
63de599530922acc980e0660bab93bfa1fd5a9ee,328,evaluation
649cda879abcd9c490fb4532a59f078222799a57,329,evaluation
656d064535ad74b59fa1af936668aca01efde683,330,calibration
66243a5f44a5ff3071e30b4a2be1a65c35c3cfa5,331,evaluation
663065f9ef81c26f99c47380afb0b2e9ef79c94c,332,calibration
6642613d565da7ddd62228faa906e1dcf9b21e57,333,evaluation
66489aaba208c305a6940c56b0ee5ac66abebddb,334,calibration
66c545b84351ee5c9c66c116e420365ad2c644ae,335,evaluation
67d6d707240ccaa434ec08dedc2741e0dc1d23b4,336,evaluation
6858af82150acc322b4b0ea8d30483f07369a6c6,337,evaluation
68edbfc073718ea5b8e70f82a98260db228e89c1,338,evaluation
69860a09fc21da37be9f6ece62e55389fb53f55a,339,evaluation
69d79ad5753205a9b425cd81c740d0380b590a68,340,evaluation
6a2814674a170b68ef5227de843992e33cfd1df9,341,evaluation
6a5bfbcc92ca8cd855ed5e79e5df80c328bc6dc9,342,evaluation
6b18a66d5cea7695c1ba3a7091e815ca9af5b7a3,343,evaluation
6b3f3400ab0ef69fbf32049632b9a30e003714b8,344,evaluation
6b4a24fdc1bb8735b971045029a79e1e1d82c855,345,evaluation
6bbf06cbd36cac06a9dcc54a51cad9e6ed85279b,346,evaluation
6bc74e52a542a48d879348790801e63b1b8560e9,347,evaluation
6c0a2d3b1c62d4e4591c4da10b9dbdce9156664b,348,evaluation
6c992aa4968a772c27d99ddcb412f0d2eebd8bd0,349,evaluation
6ca9656b3f83cbbedfc4f1700cdc934e4fa13a82,350,calibration
6de1c231a0a8021dd9eee102ef5d7038f80368ab,351,evaluation
6e51cd745cbf1ac72b47465b5c7c7a4ee4de6b93,352,evaluation
6e6b58ed05a28e63710f9eb09d41a3ed3f378a2b,353,evaluation
6eb486614bdf639c08f33738ed6e8280cc2df9f2,354,evaluation
6ffdefd3b46a934ae0394c0e27562af2edd76404,355,calibration
70d1d0d82375ca9e7e9b5d70f4cc47d717e48d2e,356,evaluation
7133be52d62b15267aeca7865b479e1fbc704394,357,evaluation
7136a27d1cab6363db646081d2e45e47231c22ad,358,evaluation
7184939e22a27bff5c1db67e9170158cc43b188d,359,evaluation
71ead964316ff962f94e2330c53ac4b0df9bb8e2,360,evaluation
7276fb65e409b2248d86535191d90a6b12f671e4,361,evaluation
72cdc580e9446f472dd2c5d51ffd67b022c7162d,362,calibration
73193183997c00a6790ea5260b6c8052f226e8c4,363,calibration
74f3159de59aca1c0ad045e39086b8a7e3713507,364,evaluation
7540d928b19d5a096171202edf39e31fd24a6a67,365,evaluation
75ce518bccf8807a333320aae088c0ed606f4491,366,evaluation
762ebbbee6f3457f69b5827d0c49a95ea1926932,367,evaluation
763a4af01cb23faa7a15728c4ced5c2853b9a9e0,368,evaluation
764d5ebc227c78a26d7793457c0f6ca3a8173423,369,evaluation
7701945a0bde04e2c5222401b70a12c4206e0bdd,370,evaluation
7704832fd5bd929946154365afd968be099889c6,371,evaluation
7706056799adaeb70277a4f69bc6c0294286db61,372,evaluation
77a4ac1be0db63025ff5017d45573542f589ae3a,373,evaluation
77d8001d15faf1c3321f5260dea56b6eaed4787d,374,calibration
78047ed3d4d19c33476336308a7bfb838059fdb8,375,calibration
782014b8c7e519bed7dbe91b0226b9154867f6a3,376,calibration
783170ffbdd05399e5c32af786913e53a7139455,377,evaluation
7838fb68522320af45df2ede7415ec68467e608b,378,evaluation
790a4b8aef334d67901dc019c0ba9ab9f0c2fc7d,379,evaluation
796633585f418fa647b4c9a900dcbfaa03f1c1db,380,evaluation
79e2b4e34f1834ceeb0bc2c3f96608b68e8fd0f8,381,evaluation
7a538fd3c5cd940847e629174462d746fe0770c1,382,calibration
7a83d1e4b7b0dcdc9c1dda5688448001914ed90c,383,calibration
7a870ac4a3316ecfe0c1d1b2c35042ff9847c510,384,calibration
7ac0c8d95894e366418a06d17fb3287639aea7f3,385,evaluation
7afbba8b9877beb2ac7b2725af97865fd1435763,386,evaluation
7b798471cf1e0a29850cc023b08d5dd3d051a824,387,evaluation
7bc16765e54b3def1268c0a5de54f85e37b123ed,388,evaluation
7bcc8faf248a45631e5726ccf1eeb8df8d1210db,389,evaluation
7c4dd8cba9f2803e550012379c9b07b1236c1c32,390,evaluation
7c5ab07bf2e84998a97369e7806d14f2f44e8f3a,391,evaluation
7c845b1609d9df8fe83b52a47c64ae84797b9c01,392,calibration
7d2b92bbee1fe2e3aa96decda58388f778f856ee,393,evaluation
7d74864a67abb19cf7ada7b305ffdcb41c2eb898,394,evaluation
7e586578035883f209bf77abd6297111b4b71c90,395,evaluation
7fa78d1283e8fb95de654b2c9b144b126c697b9b,396,evaluation
7fb94757c1411317b4dcdc158e1dffc6be6fd4a3,397,evaluation
7fc53300dc6608d86386a7c5f7fa52681d01c7a1,398,evaluation
800429391c87474ac246b4f688b7d39ff430cea4,399,calibration
80a64dc18a21e0b25123051d129ac0359a475f13,400,evaluation
80c5a19bd215787b34f41d0ad381201215f129b0,401,calibration
80d7bcbb7b7863af5445f0bd48acb157c0d7ca1d,402,evaluation
80e6b6e26744f061125189650e61a1f7555ef73f,403,evaluation
81130e6ed3cd0745724efc7e9de450f5f759df28,404,evaluation
8157ace116dae16f03fd11a09134cc4d626aefaa,405,evaluation
8196a06802629803664ff0dc9eb5e19dad4f55f4,406,evaluation
81f5e6451a19fcd98fcb521edf9f891e34fb2bab,407,evaluation
82fdf86aae153c4bcf2c4ab4b377b3462321ce1a,408,calibration
8341f45fa3d99aee1d5205cdf3c3a6bc327d5b6c,409,evaluation
835b3b9b56a7cca289a1fcce544879b2352922ba,410,calibration
83cffcd5e2b224d8132dd42281477979ec0ecf3a,411,calibration
83df8ca6c58a8c84bbabedfb271f292cb8651668,412,evaluation
84123b2d3e470d9e4201c784b8ce5a8a9d742ed8,413,evaluation
848b0ffbde007ac5880ba069f719106fe65687ed,414,evaluation
84c45d477ed117e559afc3d13eee76cfeb4f27a6,415,evaluation
8537989ddb417d1997d6bfd3c0faa9a0f6fd4135,416,evaluation
8580e3d7fecd2a4b151524d5e10f4bad4aa94bce,417,evaluation
8596ebb1fe493166b60472d13448d409027a9d04,418,evaluation
85bec70cb0a2f562803fb34d34bc331f73ddfbfb,419,evaluation
85dd4086c4fa4ce458a7f08addac79402ef29a81,420,evaluation
85e2f0c90b9669b39a179b431fd4fc0886111ed4,421,evaluation
8687b517f348c24e9ba72e5e1456d5b64b07e5e7,422,evaluation
88011b21b0d4ee254105110f509e46ad594a2747,423,evaluation
88e754be0935d968425c9e3387938c4a0f3220f4,424,evaluation
89536d2a86d9788c95c5eeff9f0a95fe4c82d2fc,425,calibration
8a31591fed7e05f2321f485f3bb49f3535cbdd13,426,calibration
8a3e713890df4f681a2a46a7253ed7fd98f47995,427,calibration
8a4e411240c142b5c55615a1225ad65100371340,428,calibration
8ae2cb1fc037d7c585c06ba197995d612bbc63d0,429,evaluation
8b15ac273bac245c2e8ab8fa864f54a2ad7966bc,430,evaluation
8b50e0154fac50768b82501cb0591d6bfbdf8ccb,431,evaluation
8bf659dbe0a70514cc0ba07bbd351dbc1dfd41f1,263,evaluation
8c2b1cd98a7e1d3047b3e199724ab5ca38285f61,432,evaluation
8c51b3b3ec3d18e89511b09b15c5abf47e19930e,433,calibration
8ca970950618bf6451fcab88c0950e164131cafb,434,evaluation
8cab18ac03372a1ef2669fd993c125a751214ce5,435,evaluation
8cace57fd90f83d2bb39a140e0fea2575cbaa631,436,calibration
8cb9e7daac96ff2387627c8ab1f8bab21f900d15,437,evaluation
8d35c9b2b4f540fd0abfbd462f60485e2cf44561,438,evaluation
8db275db43dbbac96e61f043461476942e3fced1,439,evaluation
8e64a6294fd58bedfe42c0c0e61ba371c1da61f7,440,evaluation
8edb8e8a092ea7d276de8a256014a6dc5f72cdca,441,evaluation
8f280c2c80c1806db010923ce8db7675b92fe95e,442,evaluation
8f32cb7eb89d8ba6fd2c5783f06435e98fb626ea,443,evaluation
8fb004fd29447c6b8e14de3fd8dc4a8d8334d492,444,evaluation
906a684f141e42aa6b7545d6c0f5e8c8e5f2876c,445,calibration
909933e75964bdfa5d9e59ea12d46f96572a96f1,446,evaluation
90cf20c1e94b1ce148f4cf40d7a53e7d423d1286,447,evaluation
90d9de5ed5fb65d395ba99a5598dbf6d9c7127af,448,evaluation
9143097e2017d982595485f4fec89e9316e067f8,449,evaluation
917f2efad280873574eebc1554503e63350aa308,450,evaluation
9181362fa1e3f1580c02ca4182a34fab6cff06ea,451,evaluation
91c2fe63fe63093952ed845649b95b88a09e94b0,452,evaluation
928c75a8858d65323114f5becdb669f4f5b9807e,453,evaluation
9338e1cfd1fe5cb44c0a57782ebb811bee7a7471,454,evaluation
935e14e937c963e8333586007a4336ca4131f0c0,455,calibration
93c318956ee307257f92b1c69caab4111f1f641a,456,evaluation
940f47fd86673b9d87559d870f280d4079569af9,457,evaluation
94556d11bd84d77e09dc3566f70e7d5fd6ba7d62,458,evaluation
946faceb17a1374f45a2b4cf0bd169d1aefc9666,459,evaluation
94aa9a5195bd1b9b61168ea99a1819db4f97fd09,460,evaluation
94addd2c5b7fe6cd43d30838d085caa4dba8c837,461,calibration
94bc252ace4c700a90b42dbd334ef02addbceec0,462,evaluation
957b95aff1c7700aaabe62a28a2714739ccc8989,463,evaluation
95b5c79f88700b11b9df852bcbd7da4c09efed32,464,evaluation
96676c0232f8db88d997cb711d23002792ac6eae,465,calibration
9674323a0db9a230f4358273f6e5e3ae8357c05c,466,calibration
9751a5980f137c144df4edd5ce77f412b2f0df42,467,calibration
97b50caf49991f55bdfab9e69f93467153550319,468,calibration
983a3182500859003f1010bd04090103030e05d3,469,evaluation
99375ab2a0bfaeebac06323406009e6d90d52c9c,470,evaluation
993c6417d917b1f1321016df9b29cd5058b10a83,471,evaluation
99e430f61edc8c95748a68faa62ecce6016839c0,472,evaluation
99f3f8383c6afd094141d6a73d493e139397f387,473,evaluation
9a11d5998b9ff563731482a6a84ba81a12a5e4b5,474,evaluation
9a760cc520b1deaf735bc1bb5ed47fa27316e47e,475,evaluation
9a9155096fe911b8c98008634cb166d4bf38a287,476,evaluation
9b0eff413ca2fa0e2ba36a0f633f8d0dd29beb36,477,calibration
9ba9e3a4e71e9abf0cc17ba576bd1492e7241fab,478,calibration
9d1b9d9da7d1ff95f66a69674b629868fee30401,479,evaluation
9de78980634cccb95e606fb50db8e39f98ce411b,480,calibration
9e5c60619f111c3146239ccb908bd5569bdf30a5,481,evaluation
9f1b9ec8c769761e2837dd7745d2165427586109,482,evaluation
9ffe2f8dad6ffb2cd094344d190707f30068813d,483,evaluation
9ffe97a7d2737dae33f2376d93fa700a6b5d265f,484,evaluation
a0064b323e86f51e329ff903dfbe709e01bba0f1,485,evaluation
a006ff42a1046ac97594136aaea43bc726949d84,486,evaluation
a0d5e734d115582a172daacd008affd02afb721d,487,calibration
a204533b2dd60a1c0c1de57ad8795c9093001c5b,488,evaluation
a237dfd1fcaa2a2cd348b25c2ca25a0b074ab7fa,489,evaluation
a23a881f4df23e483b4bd8072f962b9f794e3f6e,490,evaluation
a24c44f7f22001aeeae423bdbeff10c2b33f6c68,491,calibration
a29dfd7a9f83784316838d4058db28959a6b811f,492,evaluation
a29ff0d5f5755833f64352644c0bc27bb496e0f2,493,evaluation
a2a86c13af7f033576da583000c21b94e4e3aaad,494,evaluation
a2cbb8f2a5908a161072390e26a2760b18329db9,495,calibration
a2f048c806191d553479c7038e23b776e756603d,496,evaluation
a2f30435df458f3feef0d0a74e3019a947106611,497,evaluation
a313b0a4ee4f7c1653b0e03a000e20f3d3d8e3c2,498,evaluation
a32c51389feda232782474bfc7ce6e2951d828c7,499,evaluation
a32c73f916e03fa32c97edc4b31cfeac1e4b14ea,500,evaluation
a3b6a8b5961b678d80b366a973f6c4524313d595,501,evaluation
a3bcb8fdf2bc957eec07bd01007c76a4a4f5a126,502,evaluation
a4905399bffbd3f7e8382a284fdbfc85d9e1c2d3,503,calibration
a492d597fc3f3adb0f3bdb91a217f9758b50cff9,504,calibration
a498bdc41d5b911d05e2ec604aef36a7348b733d,505,evaluation
a4a0e8c10ffd4c0cf8db2d72f290753fa1511061,506,evaluation
a5b46660c0f50fce4102a02755a5e0a3db1d0168,507,evaluation
a5c8803e77e482acb00e2c224907c776733ad7b0,508,evaluation
a6fada68d485a7e45541e3056a25b86799fa47cd,509,evaluation
a7ea91b1ac07202410d05ef257751b544166372b,510,evaluation
a8012d8959d98ca173a3f7c3422f1c03764a1ccd,511,evaluation
a804e7c067fb1d5eb2565bc61abe93c6ae592255,512,calibration
aad865653351ac9e2751eb67d50bcccd7489e948,513,evaluation
aafa94ce2d8d1e0dae6badc717fa305055bf4f2c,514,calibration
ab568a4e272c1049967f5a78722f6210dd7582fc,515,evaluation
acb92cc680437bce006bc7bc9eb0ceb593f709d8,516,evaluation
acbc77419ccd82bb936210a189c3b76b7302861f,517,evaluation
ad5ed34bb75678a03b0e83a8f02e051c24905fc1,518,evaluation
ad7678888537da5e4be155e36a01092308f042ad,519,evaluation
adeae8412456ac22954a1cfe312f56eeb5ddde7b,520,evaluation
ae0e8a886b04f2e52f489d6c6b68b1e2fe2dca5f,521,calibration
ae5d2353dc1d24741f7821517fae3eb7218a8a8f,522,calibration
ae6ebd7f08dc7130d31a3e7a87d9f89b211fbc32,523,evaluation
ae812ebaa609ec6fc5fea8ebd1e98cae3aa612ae,524,calibration
ae833c4ac93ecd2810ca55a2ab7c0b429f01d79f,525,calibration
aea06075e38ab32dcb9d7b12e828485a6b4eb9f4,526,evaluation
aef542e80a33cc12a440ab0a91c5ae96356b6554,527,evaluation
af368082a8754d14b42430ae8ce61a51d54017b3,528,evaluation
af55668a1b5b5cb28c436846570952c5d1ecf598,529,evaluation
af5ac0ae625d1535524010f6d33f98209c8d0e6b,530,evaluation
af8d75de6ddc0c8198c50f6b4a48fa316a1995f4,531,evaluation
affbe815838afbf2ee51d92e707d6af5bd51260d,532,calibration
b06b08b7da5f807d1865a563e7db6cda7cd1224a,533,evaluation
b1434b0d762a8dd9f6cb743e50bc1c0650c0cb64,534,evaluation
b233c3feb10d12db5157bbc16e306c294a1bfb3c,535,evaluation
b26b0aa7f11686356b364a71602b4da82110a323,536,evaluation
b26dac5ca464255ce339a67aa9c3dacbb9c750d6,537,evaluation
b29b504544d36beaa6984388f4c18f2f45a5b115,538,evaluation
b2b3414a9ffdece48a39e8fe0fd0045330474942,539,evaluation
b2caf3040334203c11658db5aeef65145c24b9ac,540,evaluation
b3082f7876618f46709e125003619fae86d71df4,541,evaluation
b3fade402ee74bc0b7dac6184176b300d278175e,542,calibration
b44ccfdb8d3401c9cf4494d65bcbc828db7314ab,543,evaluation
b49f65b3d83aef14ec041559c06ea05975805c66,544,evaluation
b4d12c1451f08669afc71c65d656532ec2300cf7,545,calibration
b521e85cca60260f2bbed5a80616c24fb325d924,546,evaluation
b54e4d8a312d7b0e6f7c217f81e7ebe34807a0a7,547,calibration
b570749731ed7485b52919e5990c5573eb639bc2,548,evaluation
b5ead5db1031e8c8e10054bacffcd8133d782637,549,calibration
b62fffdf71a6ad9ea7fa9099a3b47436ab85786d,550,evaluation
b6458cfbe7f5d0d158bf6e8e590da72375dd1351,551,evaluation
b6647bc4ba8e797e4caeeda5287f33a153117de9,552,evaluation
b6a92cdaf13430e1d1d3e491b28d74bc7c74bfbb,553,evaluation
b7297424f083d443eb1e7ee4e8cb9817e0062c79,554,evaluation
b771966bcc0e067667b9ffaf9b06d15b53d0c1a9,555,evaluation
b81ba0e7fa47d2de5d3dc45e82302047e20aa4d6,556,evaluation
b968b5e6621ce58b37ed577b2dd78b5e39d4d815,557,calibration
b9e7bea0b091822de359048fdc29dfbc64593e36,558,calibration
ba07dc07a31af7e2da512da6b56e240538649dd6,559,evaluation
ba70aba78f5a2ca6279a9869fd361694e9008e78,560,evaluation
babb78bcc7268b79e5acb5d32d39d7fab0c19757,561,evaluation
baf94336c9b612e0e450904cc45b226f3a98c84b,562,evaluation
baff8820b875e2240ab98ec273f0886d5292057c,563,evaluation
bb08efc7778ce6f6cf60e5738856bd2e18e425e6,564,evaluation
bb711e186bb8f568cd3dbf5c6aa1601fac71e19a,565,evaluation
bc096e05231258415c55ce9bb18c84456387f7a8,566,calibration
bc81a33b53dc5a789739ff9db723400cc9ea973c,567,evaluation
bd059656afcb96e02eb5ec52d1006fb8b1635391,568,evaluation
bd4955f6d4fd4a20a95bca841a18429586f041f4,569,evaluation
bd6b8a8e1c69297f9a9259e622d02bdc263b8677,570,evaluation
bd8e06b781dcf270a65e372388d13fa4e54fa0c3,571,evaluation
bd90466d50e16e3f19f3dc3bb7210ce1a8b175b4,572,calibration
bdd3383857fb3a68e58b54701b536eb8c0a86dd6,573,evaluation
bde58615a078d4e0b66999f085dce3d8a9c36d04,574,evaluation
be22b70172fb84cfe9d2a73fc5ccfbb5f0266933,575,calibration
be3f5026694396946d00bd261b66081dfe34ae83,576,evaluation
be9db8da0b7712f3ba09a1e8786e7b726a0e98a8,577,calibration
bec5bbde0327252e7a7d48cd5bcc60c4b373aa6a,578,evaluation
bedb05f67164d6fa2d79a7daf0868608cd9773c6,579,evaluation
bf3b2c9f308cbb77dbdd662b79abead1097e6248,580,evaluation
bf3b3f36e7a23617a3fdb14359d5f4dc38a738c4,581,calibration
bf3dc68bddefc33b958425a7d780c63dc0fa6e77,582,evaluation
bf3df11682470ea288e33510baf533ce550e8201,583,evaluation
bf5e8f6871046ba8751e648514a63e7560aca460,584,evaluation
bf67cb87ce59c80e855efc2988e4354866b72ba0,585,evaluation
bf8d985ae99e36e878a720cef3d787c92fc7ca83,586,evaluation
c000cdad09c6a6816846d33aecc1240f4690dbc4,587,evaluation
c0d0eb139f98f3daa4300b606080a9e90e5014e1,588,calibration
c0d74cbfc7d3f5cfd3620b27b505e7e4cad9f291,589,evaluation
c100072b2ce76f70d2fe300d28dfe06b00bb8782,590,evaluation
c10c47ab51e56d9ffd9b69471d28aaf974c2e19e,591,evaluation
c17f899097ac86cb2d12a98f1405274955d14333,592,calibration
c1f47ea1486977254af56b43c46e04fd9a2d528a,593,evaluation
c248e829b856f1556c3e68ad0bfff961d695d9e7,594,evaluation
c285698974d3406164a373440bc4c35646f277a4,595,evaluation
c28922d669582e8c14f5345150b71d5cae08880f,596,evaluation
c2b326f727eb2fd6f0762e5e0cf32fb9f3b535bc,597,evaluation
c34af19b0c367b03352fb844888a0d0840248f7f,598,evaluation
c357c307aadc51cd876c5c5492e59550c97ab0d5,599,evaluation
c3ae46cde9acd40b6dc7f570e04e9243c038ee07,600,evaluation
c3d9d0e9ab23fbe03d99cb1e4f9b7b3bcec91824,601,calibration
c3dfce4609f3e3bc5f140a06d7705d11ee79a7ea,602,evaluation
c3f171e47b7835eb06fc398b5f7299e612465941,603,evaluation
c4d201037d0d3d338756c6ee1e61a7f5fa316a15,604,evaluation
c553462c386df89ff66fc1e2bd66dcede818d5af,605,calibration
c5ad87a29f1ade8d5cb624bd9030e05314e982cf,606,evaluation
c62ab1371b4d31a436bd4173a4c85f95b91436d7,607,evaluation
c62c6a72240f20bd6c2d86074aa7dbb278f5f232,608,evaluation
c67b08fed475b550c0a6c594bd9ab8b48c63b08f,609,evaluation
c706d2158186c537c62196f3d11931da03b77a0d,610,evaluation
c71bd7cb7a909df2e552dae7929e7523880e7ae0,611,evaluation
c98678a1219cde50af9c4f303f2e5af9a78a6aa2,612,evaluation
ca1a183469cd72f5fd3497d98710e1ab97e9d2ab,613,evaluation
ca46c8d0055bc3fae40c093507c028573966fbaf,614,evaluation
ca68641c37459c2782438f48ba398cae9363f786,615,evaluation
ca78a86b0a166a3268bc7bc134f09463129b36b1,616,evaluation
ca8fe239eee395f90a9963402aa9a1954765c027,617,evaluation
cacac5ebdc9c8bbef8f43d8876d3923a3336aa64,618,calibration
cc199309210e8010be79757bf9c4e4df8bc10c7d,619,evaluation
cc224eff99f558556198471bee4271787150024e,620,evaluation
cc2cfad07d27b9872f5403f1e41f3cc2533d0ef0,621,calibration
cc2eb31a5b96ac2004923b0a50fd7a493d63f2e1,622,evaluation
cd1c492a50b0d15701ffd31554a9426e20721713,623,evaluation
cd94c46e39c89d7eb4b898791b2bf702176ea253,624,calibration
cddd9b6b953a8472e5d3da0bb56c77c7ac5ece20,625,calibration
cec25601c74fa01a4f25701599c651619e2ad86f,626,calibration
cf44392e9fb1aec982266f09bc9b4de7d3f7f29a,627,evaluation
cfbb3d44a03335ac0ac6c3ee96df5b72462e6ede,628,evaluation
cfe35399140b8514f81f4630f9cf1fd0b8cf2bba,629,calibration
d081d909f3dca6ac8fb49c619173f1a829f0daaa,630,calibration
d1627c15e86334af80ac55ecfa15ad66994c9332,631,evaluation
d1fc52c4f554a71fa9b920f1d4b6a7fc302bef5b,632,evaluation
d2e9872abc0da589cc3f0af293fb9bcfccc4dbfe,633,evaluation
d3195923d90bddef6baf91cd4a0dd06eb820c03d,634,evaluation
d36261059e5eb811b7eacc4c1828b0113b14bcd2,635,calibration
d3e2174a0bca0c68fc37de3bfdaf37072ecad59a,636,evaluation
d407d6431b76ea1771e90921a33477a61d04b0de,637,calibration
d44e5c26f6d1a247c32410c43beb2b4c7a31cfde,638,calibration
d46971717cefb4d15f81cd49215d9a700728427b,639,evaluation
d49b6a4ffec732a1b2152cecc76d88328bff1cd0,640,evaluation
d4a8f7367208dc6ae6ce020572792efbff3dde04,641,evaluation
d4e4df3c386559571e24ac7d2154f7ff8f662e7b,642,calibration
d5114f5ccf072a03efdb9aa12c7ab956b490f867,643,evaluation
d51f53db3b7bd95d7fdd893406f9f8252b3112f4,644,evaluation
d5d03b856269d4823d4b6b5dc11751a542d7e8fd,645,evaluation
d5e9312ec84fc92efb9d0788cd8535ae908e8d55,646,evaluation
d62bc3ddd434908562b28c86659fcb2fc4afd288,647,evaluation
d665c036ebf364062334f9305d3a02ae22c100b2,648,evaluation
d69844a65ec6cdc01d7ee871708bcc7653434ebe,649,evaluation
d6be74897c806d592936d69439053837248a8e95,650,evaluation
d6d7d7c3f3109c6bd0b25855b57dfe4c45643849,651,evaluation
d720fe0d897cfd8966cca6190f77402d49132066,652,evaluation
d76045e2b15a498f599253380b637f9f6262c496,653,evaluation
d7cdbd1d19c3424ea559ed91296412f6ec51b853,654,evaluation
d7d1d05b45a4a99bf9eccac41b0880cf98d07022,655,calibration
d822e12be5e48621486388549aa45d71488563c2,656,evaluation
d84821bb817172e79fade9ca4765597af892103c,657,evaluation
d87e573c58a29d8a3ba14d427d151e236dc3ee12,658,evaluation
d9159028c1d2f94b5a60529ba8a2fcb4b878e825,659,evaluation
d9c78527652502b7ab60c61147fcfcaa4b6764bd,660,evaluation
d9ea2dc236bcb3f6280572db607f875a1cae5243,661,evaluation
da003295e914b9963700267347b6f97672aa3662,662,evaluation
da491c4463a848e8a6c343d1cfce9ccc8e45417a,663,calibration
da5fcc97a6902cc699b28170bb9a0d5ce398a384,664,calibration
db185295c73acd119549fde9660b37036bbbabd8,665,calibration
dba5c680280ba30958ce6975513d6a61eac23bd1,666,evaluation
dbc4fb0dcb00eddf488a3302a0725548a431b3df,667,calibration
dbf6c07034520f1f6541e2bd478f540f43fe1f33,668,calibration
dc5e925f5211f7fe20660ad595845bbbd29ddd59,669,evaluation
dc6d3f4a31a7a4ca5c580e8be93be3b55be72240,670,evaluation
dd50c39cf7705eeaa8f1dd18ecc25af7bbd0bba2,671,evaluation
dd9039f504900cb0e8ec9fcb7e85c60e1636b219,672,evaluation
ddf534124c0e3395756c0009574ca35a6518b2d0,673,evaluation
de239e4a5973658365ce07c64db04e9f226569b8,674,calibration
de5d61d3085833d0328405a615dc0870b00b73d3,675,evaluation
de7512c7c3c2b2569327d1f9d4d0dd15d244f4b9,676,evaluation
dec5692a6721d673b9eb2cf1d9c3975971908d25,677,evaluation
df0623b4d33941a32923faabe69ea2b34663eac7,678,evaluation
df08ce2fb085ac08c43df060966add1e876dfe3e,679,evaluation
df333b8cb70c4bd7c1aca4722556a572477bf659,680,evaluation
dfb440fe39e84acb8ede9ee9ed98d5e0d80d5ebb,681,evaluation
e02017d30cd4145a0b2fafa78078a9612615d711,682,evaluation
e05128c1c39c9fcc4de5f8088dcf516931fb263c,683,evaluation
e06eab0d1d32298a6a06e79ad1493be20f4c9072,684,evaluation
e091ab7f60c7c8e4fbd86c54fd48bbbb11100a25,685,calibration
e0bca71f67bf0aedb03df9c6c04f022b7623644c,686,evaluation
e0c6c070e4b17fd48d5c0afa549c3330db69d9da,687,calibration
e11f48ea1b6d7812e531de7d2386d814811736da,688,evaluation
e1aff9f0b2c3edb57086731ccaf19b1e7dd012e8,689,calibration
e1b6ab0af5aa82bf6a1eeab4b96b46c2bc22d52f,690,calibration
e1f84f1b945f6a1f5d53a59c8f6a8fd08a3e1b94,691,evaluation
e24f22ee19a45ceb76f9f6abcbc8dc4ee89f2c0e,692,evaluation
e271aa3dd6f1a12270d6badbe65d10064104946d,693,evaluation
e2eab157153d27692c1e4c33037b6edb6e1e69a0,694,calibration
e3596bca6672f904d1d5bfdbc8e3c4f19d4e752b,695,evaluation
e38b1960c8983940ae5a3ec73ff94737f033f977,696,evaluation
e3e892a424849b070122f284cdb812ff3d8adb8f,697,evaluation
e4e3d2efc041d9b58cb5c3d6bc719b3adadfba3b,698,evaluation
e4fab9cc6b751f38f799b6123c3a73f3beec928e,699,evaluation
e504729cfcfaac44de92351710ac87f10c9be01e,700,evaluation
e558df88e5e44f0baa0ce8a60576a5220fe10d8b,701,evaluation
e56af281c034b507796c367d1a97a1855df58e5e,702,evaluation
e5806a65b370bbd8f4d3602f0caa77bbf3699b77,703,evaluation
e5cf5a5f79a7b231c716ca56221fd8e12ae43a09,704,evaluation
e61ad298fd05be57df4aa740a3e42def7b45cac7,705,evaluation
e641f3d1c5a34e91157acd64b5681e76eb47c638,706,evaluation
e65217978bc011afe2f3b3a42980113eb557d1a0,707,evaluation
e680d827aa8c984346d8f32d2977c15b4377267e,708,calibration
e7aa4d0f17e0290c9ba2b884434ed508b642591d,709,evaluation
e7b03648fe43ae6041fb563f9ab873eeb514484d,710,evaluation
e844237e4fd74344793335282eaf753d496fe8c7,711,evaluation
e8fa2eb9c4da654edd7e8a868b4b7e452954c93e,712,evaluation
e95dceaf6e9d7e7a1852900bb2c37d9572a72ad2,713,calibration
e98aa04ba9e78351b1cbfcc871d4049fa0375369,714,evaluation
e992809cd48a4f47c6979b6d5c0e2e19b4822f85,715,evaluation
ea25ed0ab2db2c515c0854927819d804ec4bf306,716,evaluation
ea366310d0528256b14ed4be5d33f8bed071ba01,717,evaluation
ea5090e58030a0e29760b2a177dc0d3ea459a0de,718,evaluation
ea83c14b8e37f01b0c7972b288008d995d28e309,719,evaluation
ead347ad4af5fb6ab4cfb548325786bb019c99b6,720,evaluation
ebb99fe3169c3ac208560ba0494dbf9056aad4f9,721,evaluation
ec13bc7993bf4c268485e0ec59d8387be1f66e57,722,evaluation
ec173dfe8f47385df0141d7d66f7d82c5d7f88ac,723,evaluation
ec2937d4c32b1f48850ea8ff12dd2bddc7f35f69,724,evaluation
ec41b203c6759fb05dfa6c21a028f70041891c8f,725,evaluation
ec8139e6284949c901401a1b56536378280252c8,726,evaluation
ecbc4e031f0e0f3575e9da850194937180bea516,727,evaluation
ecbcad0d6e711d7d9b0a4b96b7f7e8eff0f2b0a8,728,evaluation
ece5ac2723d5ecbc9df7a8d161a6fe5cf7344825,729,evaluation
ed68372c4c4004c63be3ba98c6c8d44580f56d7b,730,calibration
ed6bce1bb5438def8720a1b373710af1a92e30ea,731,calibration
ed77edcb8c23ce30deceb7d604faf4f2e69bb564,732,evaluation
edd3489131badda5f19f82e55a0506faca7afac4,733,evaluation
ee3974144a56c6499ff399183a8098d274253b54,734,evaluation
eec26a0442da8602bd4b66cf3785d42d2acfd9cd,735,evaluation
eec58b0ea85b67230eb3627f25e905e16299516b,736,evaluation
ef2a2f4f85715ebad03bd0f336e6be8135159617,737,evaluation
ef41bf8349bcb0a8138053377dc93d19be9cdc8c,738,evaluation
efaf237d20e12fe8373053594d6c2932ead08b23,739,calibration
efb5cb1d33fd8597b8d2f6add1ee98d098e76a0c,740,calibration
f0555ee1b5c7a3156169f475ab544fdbb2fc4e1f,741,evaluation
f069396f7a52f5d6a61b3838d05b8971466a4e26,742,calibration
f0c77bfec64201fc0a4a1f2c23c1466de9ad5238,743,evaluation
f0fe9e3556e7652735bec48360d0d4fb546ce522,744,evaluation
f14f1e23f3bc4e3e1b2d182990f8ac78b83d630f,745,evaluation
f1960058c82369ffc39d3caea8fc9b8f0c818514,746,evaluation
f1dec8e7cc6b26ec3b8bf0a8748655d5e16c4a75,747,evaluation
f3086319d22d6ddb0522596b70c3c4aedd4d66ed,748,calibration
f311211f9b45e44cfc182122f13bd40b495daead,749,evaluation
f3245756cc3a3e216090466ea387c0549dd58689,750,evaluation
f3762311b2b43aa8f256bf8ac5e1064755849443,751,evaluation
f3ea7e03bad1e6f222bac24c3d4227e1b78d8dec,752,evaluation
f401c536dde2ee72a3fb818c07210d109c11ba27,753,evaluation
f44b30e885996d4ffef54bdbee9f71ca965ec95c,754,evaluation
f44f494fc961e594d655cf761d544145274cd295,755,evaluation
f4d024d6bc864953881476bdd845c6bb2e0c5358,756,evaluation
f50a3eb3a3b1a58917714bdba1df62ee8b9e512b,757,evaluation
f511e4494e18672726066d820e657c43207701d9,758,calibration
f51d2ed589b59777193e6767aefeebed92cf8d76,759,evaluation
f56135e3e05d9d2cd516081f0b67575fa0626be6,760,evaluation
f56aacfe7b043e3cd3787fa1a5b5578d3d935624,761,calibration
f5962728eeb2130e7c8432637b8a60fd6e9927db,762,evaluation
f5db3bef020396588925547815f5cbb27574cdae,763,calibration
f63eb4d9b369bed4789416b299f7a6a219d5af4b,764,evaluation
f73dc0f5063bbe89929be37e7d9cf6d02833cc03,765,calibration
f7851e99c35923dc8c9369b2f6030f46d09840e4,766,calibration
f7e9319277954477d8ed35a0f00ab2405a93f09e,767,calibration
f867414901e20691981ada04f2b3c0117e8aea9c,768,evaluation
f893b16617e89a543240db92bb45d5d9c7f6b4d4,769,evaluation
f8d1588b7412184111b579bfa0e70ad637d451e8,770,evaluation
f8de9a4a8fcf671d22cc74039771cd4e9113b15f,771,evaluation
f92281661db6d9eb1d515ba6897ea457f1d1b8f7,772,calibration
f94fec4c0d5a74f907915e69fa0205770152ee7b,773,calibration
f981e02aa29370bd95a979e77b05b9f74ea2e8f7,774,evaluation
f9cfa82f1699b9bc5995d143f782e467c655c0cb,775,calibration
fa60177d38ad4c628fbb946fd6a2a308a730e353,776,evaluation
fa7ceaf9a8ee0fb63e3056ada7d93084f3950d44,777,evaluation
fa9b1c46f9bd34dcf7ddf95d8ea9a8545c3efeb8,778,calibration
fab0ff62f542b29600ddcafb30f78562e3e678fd,779,calibration
fad06692b8ab3ca1acdaa8158bb10fc1a68c3310,780,evaluation
faed8d32e133d1d7ec2908d32571e785ec9f7f70,781,evaluation
fb0ce991e43b1e1ba7ee0ac1ce854e72a0beeffb,782,evaluation
fb2681cc8c6ac850a84743a18c7d6506a2b32625,783,evaluation
fbc11b5e0f3eb8318a6090dff14cd57b4c68df03,784,evaluation
fbe9824e50caa45a872a104317d263ed3b774080,785,evaluation
fc8b7ee833ab804f2dba4c56c97259e2faf9e3f9,786,calibration
fcbd5592eecbaac90c037443941dc678155b17ba,787,evaluation
fd308f06b7cf99e760031484a211ea2bbf54ee71,788,evaluation
fd843f292247b36ba1c2dc428ce28f0ccfb4961a,789,evaluation
fdc63767d6e22dc32f21f595da7c14768bead63a,790,evaluation
fdee0bea6581be5b57159cd996ff86f34762a10d,791,evaluation
fe06f1256ff8f10a82bb8aa59a828f7250ebd373,792,calibration
fe77d9bf94496890d818fafabbda188111189ef4,793,evaluation
fea291111e9514f7351d4fc98b05ecd7e2ebd21e,794,evaluation
feb9c7198313d5295b2a860239f0664d8c3b1e58,795,evaluation
ff1a0f27d7eb2cbb3d55d04d4bc2c66517fecaaf,796,evaluation
ffa482261960b8d46f0e734d659bc6ef25275d80,797,evaluation
ffd969c0c79823e25fa50999f800c60253c57e3b,798,evaluation
